제목,원본 링크,네이버 뉴스 링크,설명,게시일
'FLEX 한끼' 부산 서면 콤비네이션·부산게리따·치즈버거피자 맛집 위치...,https://www.topstarnews.net/news/articleView.html?idxno=15767022,https://www.topstarnews.net/news/articleView.html?idxno=15767022,"부산 부산진구 부전동, 전포역 약 400m 거리의 서면 일대에 위치한 수제피자 맛집은 인기 피자집이다. 자연 100% 임실치즈를 사용해 각광을 받는 모습이다. 이날 방송을 통해 콤비네이션, 부산게리따, 치즈버거피자 등을... ","Tue, 12 Aug 2025 15:10:00 +0900"
[오늘의 은행] KB국민은행·신한은행·우리금융·새마을금고,http://www.financialreview.co.kr/news/articleView.html?idxno=36900,http://www.financialreview.co.kr/news/articleView.html?idxno=36900,"KB부동산 이용 고객이라면 누구나 참여할 수 있으며, 우리동네 편의시설 이용 경험, 맛집 소개 등 지역 관련... 서울시 중구와 부산시 서면에서 대면 상담 서비스를 제공하는 '신한은행 퇴직연금 상담플라자'도... ","Mon, 08 Sep 2025 10:54:00 +0900"
"'FLEX 한끼' 서울 연희동 '떡갈비 한정식' 맛집 ""30년 전통""…가락동 차...",https://www.topstarnews.net/news/articleView.html?idxno=15767041,https://www.topstarnews.net/news/articleView.html?idxno=15767041,지난 10일 코미디TV 'FLEX 한끼'에서는 최근 힙하게 떠오르고 있는 맛집들을 방문해 눈길을 끌었다. 정호영 셰프와 래퍼 넉살 그리고 먹방 크리에이터 입짧은햇님은 부산 서면 콤비네이션·부산게리따·치즈버거피자... ,"Tue, 12 Aug 2025 15:20:00 +0900"
풍자의 '또간집' 부산 서면 범천동 돼지국밥 &amp; 부평동 마늘돼지국밥·우...,http://www.topstarnews.net/news/articleView.html?idxno=15486672,http://www.topstarnews.net/news/articleView.html?idxno=15486672,"리얼 맛집 예능 프로그램 '또간집'에서 소개한 부산광역시 소재 서면 범천동 돼지국밥 맛집과 부평동 마늘돼지국밥·우동 맛집이 화제다. 26일 '또간집' 제51회에서는 부산 국밥 편을 방송, 풍자가 부산 부평동 돼지국밥... ","Fri, 26 Apr 2024 20:36:00 +0900"
'대호왔대호' 부산 서면 돈대갈비 맛집 위치는? 한돈삼겹살-갈매기살-꼬...,http://www.topstarnews.net/news/articleView.html?idxno=15457434,http://www.topstarnews.net/news/articleView.html?idxno=15457434,"이대호와 게스트 최준석과 함께 부산 안거미·눈꽃생갈비 맛집, 명지동 삼겹살·목살 맛집, 서면 돈대갈비 맛집 등을 방문했다. 부산 부산진구 부전동, 서면역 인근 약 150m 거리에 위치한 돈대갈비 맛집은 인기... ","Sat, 17 Feb 2024 12:06:00 +0900"
"'생방송오늘저녁' 부산 서면 '방앗간 가래떡 쌀떡볶이' 맛집 위치는? ""연...",http://www.topstarnews.net/news/articleView.html?idxno=15454002,http://www.topstarnews.net/news/articleView.html?idxno=15454002,"(생방송 오늘 저녁 오늘 맛집) 부산 부산진구 부전동, 서면역 인근 약 400m 거리에 위치한 '방앗간 가래떡 쌀떡볶이' 맛집은 인기 분식점이다. 앞서 예능 프로그램인 '놀라운 토요일'을 통해 수제떡볶이 맛집으로 소개된 바... ","Tue, 06 Feb 2024 18:04:00 +0900"
'먹지순례' 부산 서면 조개구이·독도꽃새우 맛집 위치는? 특해산물모듬...,http://www.topstarnews.net/news/articleView.html?idxno=15376828,http://www.topstarnews.net/news/articleView.html?idxno=15376828,"'먹지순례'에서 뜨거운 인기를 자랑하는 맛집으로 소개한 부산 서면 조개구이·독도꽃새우 식당이 화제다. 4일 KBS Joy '먹지순례'에서는 부산광역시를 방문, 숨겨진 맛의 길을 찾아서 떠나 눈길을 끌었다. 정상훈·신승환... ","Fri, 04 Aug 2023 00:16:00 +0900"
[2TV 생생정보 맛집] '대구뽈탕' '무안 낙지' 맛집,https://www.foodneconomy.com/news/articleView.html?idxno=349216,https://www.foodneconomy.com/news/articleView.html?idxno=349216,- 푸짐한 (?)원 대구뽈탕백반 ◈ 부전시장왕뽈떼기 본점 : 부산 서면 맛집 '부전시장왕뽈떼기 본점'을 찾아 단돈 5천원의 대구뽈탕 백반 맛을 소개한다. 대표 메뉴 : 대구뽈탕 백반 (?)원 (라스트오더 오후 2시 30분)... ,"Fri, 11 Aug 2023 18:06:00 +0900"
'생생정보-가격파괴Why' 부산 서면 대구뽈탕백반 맛집 위치는? 뽈튀김-알...,http://www.topstarnews.net/news/articleView.html?idxno=15380740,http://www.topstarnews.net/news/articleView.html?idxno=15380740,"'2TV생생정보'에서 소개한 특별한 가성비의 부산광역시 서면 소재 대구뽈탕백반 맛집이 뜨거운 화제다. 11일 KBS2 '2TV생생정보'의 '가격파괴Why' 코너는 ""푸짐한 (?)원 대구뽈탕백반""이라는 주제로 진행됐다. (생생정보통... ","Fri, 11 Aug 2023 17:46:00 +0900"
'강석우의 종점여행 시즌2' 부산 서면 밀면 맛집 위치는? 수많은 연예인...,http://www.topstarnews.net/news/articleView.html?idxno=15370745,http://www.topstarnews.net/news/articleView.html?idxno=15370745,"'강석우의 종점여행 시즌2'에서 찾은 부산 부산진구 서면 소재 밀면·비빔밀면 맛집이 뜨거운 화제다. 22일 MBN '강석우의 종점여행 시즌2'에서는 부산광역시 부산진구을 방문, 다양한 장소를 찾아 눈길을 끌었다. 강석우가... ","Sat, 22 Jul 2023 17:06:00 +0900"
'생방송오늘저녁' 부산 서면 '대왕통갈비 고추장구이' 맛집 위치는? 양...,http://www.topstarnews.net/news/articleView.html?idxno=15186622,http://www.topstarnews.net/news/articleView.html?idxno=15186622,"강화도로 떠나는 이색 여행""이라는 주제를 다뤘고, 그 중에서도 '대박의 비밀' 코너에서 소개한 부산 서면 대왕통갈비 고추장구이 맛집이 하이라이트를 장식했다. 부산 부산진구 부전동, 서면역 인근 약 250m 거리에... ","Fri, 03 Mar 2023 18:04:00 +0900"
'동네한바퀴' 부산진구 서면 돼지국밥 맛집 위치는? 순대국밥-모듬수육...,http://www.topstarnews.net/news/articleView.html?idxno=14822665,http://www.topstarnews.net/news/articleView.html?idxno=14822665,"'동네한바퀴'에서 소개한 부산광역시 부산진구 부전동 서면 소재 돼지국밥 맛집이 뜨거운 화제다. 17일 KBS1 '동네 한 바퀴'에서는 '나란히 걷는다, 그 마음 - 부산 부산진구' 편을 방송했다. 천하장사 이만기는 부산... ","Sat, 17 Dec 2022 19:16:00 +0900"
"영국 친구들, 부산 해운대 복국 맛집ㆍ서면 매생이 연포탕&amp;보쌈ㆍ요트투...",http://enter.etoday.co.kr/news/view/238999,http://enter.etoday.co.kr/news/view/238999,"비즈엔터 홍선화 기자 | ‘어서와 한국은 처음이지’ 영국 신사 4인방이 해운대에서 복국 한 상, 서면 매생이... 23일 방송되는 MBC에브리원 ‘어서와 한국은 처음이지’에서는 영국 친구들의 부산 맛집 기행이 펼쳐진다.... ","Thu, 23 Mar 2023 20:28:00 +0900"
'생활의 달인' 이기한 부산 서면 부전시장 통달걀김밥 맛집 위치는? 땡...,http://www.topstarnews.net/news/articleView.html?idxno=15204368,http://www.topstarnews.net/news/articleView.html?idxno=15204368,"이기한 달인의 통달걀김밥 맛집은 부산 부산진구 부전동, 부전역 인근 약 200m 거리의 서면 일대 부전시장 안에 위치한 인기 김밥집이다. 이날 방송을 통해서는 대표 메뉴 중 하나인 통달걀김밥을 집중 조명하며... ","Mon, 06 Mar 2023 21:16:00 +0900"
인스타맛집 말고 찐맛집 #마라맛집 ㅣ 마리끌레르,https://www.marieclairekorea.com/culture/lifestyle/2024/05/chinesefood/?utm_source=naver&utm_medium=partnership,https://www.marieclairekorea.com/culture/lifestyle/2024/05/chinesefood/?utm_source=naver&utm_medium=partnership,주소 서울 용산구 이태원로 243 4층 ©라라관 라라관 건대 양꼬치거리에 마라 맛집이 없으면 서운하죠. 부산 서면에서 상경한 라라관은 사천요리에 진심인 사장님이 운영하는 곳으로 제대로 된 마라를 맛볼 수 있는 곳 중... ,"Thu, 09 May 2024 10:12:00 +0900"
"쿠팡이츠, 부산 서면 돼지국밥 맛집 비결 공개",https://www.job-post.co.kr/news/articleView.html?idxno=61077,https://www.job-post.co.kr/news/articleView.html?idxno=61077,쿠팡이츠로 부산 서면에서 맛집으로 거듭난 풍성돼지국밥의 비법이 주목받고 있다. 풍성돼지국밥 한진영 사장의 성공 비결을 소개하는 영상이 쿠팡 뉴스룸에 공개됐다. 한 사장은 부산 서면에서 3년째 돼지국밥 가게를... ,"Fri, 16 Sep 2022 18:04:00 +0900"
"쿠팡이츠, 부산 서면 돼지국밥 맛집 비결 공개",https://www.news2day.co.kr/article/20220916500114,https://www.news2day.co.kr/article/20220916500114,쿠팡이츠 입점 후 매출 200% 성장…올해 1분기 부산 내 주문 건수 톱4 맛집 쿠팡이츠로 부산 서면에서 맛집으로 거듭난 풍성돼지국밥의 비법이 주목받고 있다. 부산 서면에서 3년째 돼지국밥 가게를 운영하고 있는... ,"Fri, 16 Sep 2022 10:56:00 +0900"
"쿠팡이츠, 부산 서면 돼지국밥맛집 비결 공개",http://www.fnnews.com/news/202209160911004842,https://n.news.naver.com/mnews/article/014/0004899434?sid=101,쿠팡이츠로 부산 서면에서 맛집으로 거듭난 풍성돼지국밥의 비법이 주목받고 있다. 쿠팡은 풍성돼지국밥 한진영 사장의 성공 비결을 16일 소개했다. 한 사장은 부산 서면에서 3년째 돼지국밥 가게를 운영하고 있다. 서면은... ,"Fri, 16 Sep 2022 09:31:00 +0900"
"쿠팡이츠, 부산 서면 돼지국밥 맛집 성공 비결 공개",http://www.asiaa.co.kr/news/articleView.html?idxno=98787,http://www.asiaa.co.kr/news/articleView.html?idxno=98787,"쿠팡이츠는 부산 서면에서 맛집으로 거듭난 풍성돼지국밥 성공 비결을 소개하는 영상을 쿠팡 뉴스룸에 공개했다고 16일 밝혔다. 서면은 50~60년 된 노포가 즐비한 곳이었기에, 이제 막 돼지국밥 식당을 개업한 한진영... ","Fri, 16 Sep 2022 09:38:00 +0900"
"쿠팡이츠, 부산 서면 돼지국밥집 맛집 등극 비결 공개",http://www.4th.kr/news/articleView.html?idxno=2024918,http://www.4th.kr/news/articleView.html?idxno=2024918,포쓰저널 서영길 기자 쿠팡이츠는 자사에 입점한 후 맛집으로 거듭난 부산 서면 풍성돼지국밥의 성공 비결을 자사 뉴스룸을 통해 공개했다고 16일 밝혔다. 풍성돼지국밥의 한진영 사장은 부산 서면에서 3년째 돼지국밥... ,"Fri, 16 Sep 2022 15:24:00 +0900"
국밥은 남자의 소울푸드...국밥을 사랑하는 남자의 맛집 탐방기,http://www.civicnews.com/news/articleView.html?idxno=38645,http://www.civicnews.com/news/articleView.html?idxno=38645,김마로 씨는 부산 맛집 탐방을 자주 다닌다. 그 중 가장 자주 찾는 음식은 국밥이다. 그는 맑은 국물이... 그는 고급스러운 국밥이 생각이 나면 부산진구 서면에 위치한 '안목 서면점'을 간다. 이곳은 깔끔한 인테리어와... ,"Mon, 16 Jun 2025 16:02:00 +0900"
'생방송오늘저녁' 부산 서면 우대갈비 짚불구이 맛집 위치는? 솥밥 무료...,http://www.topstarnews.net/news/articleView.html?idxno=14663383,http://www.topstarnews.net/news/articleView.html?idxno=14663383,"'생방송오늘저녁'에서 제주 여행 코스와 부산 서면 우대갈비 짚불구이 맛집을 찾아 뜨거운 화제다. 11일 MBC '생방송오늘저녁'의 '대박의 비밀' 코너에서는 ""月매출 1억 원! 고깃집의 비밀은?!""이라는 주제를, '소문 듣고... ","Tue, 11 Jan 2022 18:06:00 +0900"
"'생방송 오늘저녁' 부산 서면 우대갈비 맛집, 월 매출 1억 대박의 비밀",http://enter.etoday.co.kr/view/news_view.php?varAtcId=218143,http://enter.etoday.co.kr/view/news_view.php?varAtcId=218143,비즈엔터 홍지훈 기자 | 코로나를 극복하고 월 억대 매출을 올리고 있는 부산 서면 우대갈비 맛집을 '생방송 오늘저녁'에서 소개한다. 11일 방송되는 MBC '생방송 오늘저녁'에서는 부산 서면에 위치해 월 매출 1억 원 매출을... ,"Tue, 11 Jan 2022 18:06:00 +0900"
'생활의 달인' 부산 서면 '토종닭 꼬치 오마카세' 맛집 위치는? 김승현...,http://www.topstarnews.net/news/articleView.html?idxno=14653652,http://www.topstarnews.net/news/articleView.html?idxno=14653652,"김승현 달인의 토종닭 꼬치 오마카세 맛집은 부산 부산진구 부전동, 서면 일대에 위치해 있는 야키토리 비스트로다. 그곳에 가면 경력 12년차의 김승현 달인이 맛있는 음식과 따뜻한 분위기 아래 아늑함을 느낄 수 있다고... ","Mon, 29 Nov 2021 21:16:00 +0900"
'생방송투데이-리얼맛집' 부산 서면 전포동 '볏짚훈연 고사리 우대갈비...,http://www.topstarnews.net/news/articleView.html?idxno=14614507,http://www.topstarnews.net/news/articleView.html?idxno=14614507,"또는 맛집과 명소가 두루 소개됐다. 부산 부산진구 전포동, 서면 일대 전포역 인근 약 300m 거리에 위치한 '볏짚훈연 고사리 우대갈비' 맛집은 인기 고깃집이다. 이날 방송을 통해서는 고사리 우대갈비를 집중 조명히... ","Wed, 14 Jul 2021 18:56:00 +0900"
"부산 사시미 맛집 서면 술집 '카오리(かおり)', 모리아와세 먹으러 가볼...",http://sports.chosun.com/news/ntype.htm?id=202002140100107630007016&servicedate=20200214,https://n.news.naver.com/mnews/article/076/0003531364?sid=103,"있는 부산 광역시 최대 번화가다. 곳곳마다 젊은이들의 취향에 맞춘 이색적인 밥집, 술집, 고기집, 카페, 이자카야, 횟집 등 다양한 맛집 등을 쉽게 찾을 수 있다. 전포동 nc백화점 서면점 맞은편 상가지역 골목 사이에 위치한... ","Fri, 14 Feb 2020 16:04:00 +0900"
'생활의 달인' 부산 서면 튀김덮밥 맛집 위치는? 새우튀김-장어튀김 外...,http://www.topstarnews.net/news/articleView.html?idxno=8279923,http://www.topstarnews.net/news/articleView.html?idxno=8279923,"'생활의 달인'에서 소개한 부산 튀김덮밥 맛집이 화제다. 24일 SBS '생활의 달인' 799회에서는 화진포 투망... 황창호 씨는 부산 부산진구 전포동, 서면역 인근 약 500m 거리에 위치한 텐동 전문 식당을 운영 중인 인물이다.... ","Mon, 24 May 2021 21:12:00 +0900"
"부산맛집 '숙달돼지 서면점', 고기 스펙 투명하게 공개한 습식숙성 삼겹...",https://www.widedaily.com/news/articleView.html?idxno=129802,https://www.widedaily.com/news/articleView.html?idxno=129802,"숙달돼지 관계자는 ""습식숙성 삼겹살의 차별화된 맛이 널리 알려지면서 인스타그램, 블로그, 페이스북 등 각종 SNS에서 숙달돼지가 부산 맛집, 서면 맛집, 부산 삼겹살, 회식장소, 모임장소 등 해시태그로 업로드 되고... ","Thu, 08 Aug 2019 11:20:00 +0900"
"일품장원돼지국밥, 30년 전통을 지키는 부산 서면 맛집으로 자리매김하...",http://www.ngetnews.com/news/articleView.html?idxno=300770,http://www.ngetnews.com/news/articleView.html?idxno=300770,부산 서면 인근에 거주하는 주민들과 근무를 하는 직장인들 사이에 유명한 돼지국밥집이 있다.... 서면 24시간 맛집으로도 유명한 이곳은 이른 오전시간은 물론 점심과 새벽 시간에도 사람들이 식사를 하러 찾아온다고... ,"Fri, 28 Feb 2020 19:54:00 +0900"
[생방송 투데이 맛집] '흑우 토마호크' '추석 제철전복' 외,https://www.foodneconomy.com/news/articleView.html?idxno=350612,https://www.foodneconomy.com/news/articleView.html?idxno=350612,"한정판매 흑우 토마호크 편 ▶&lt;흑쇠&gt; : 부산 서면 소고기 맛집 '흑쇠'를 찾아 가성비 좋은 흑우 맛을 소개한다. 대표메뉴 : 흑우 토마호크 13,,900원 흑우 갈비살 7,900원 한우 차돌박이 8,900원 영업시간 : 매일 15:00-02:00... ","Tue, 12 Sep 2023 18:56:00 +0900"
[생방송 투데이 맛집] '흑우 토마호크' 착한 맛집,http://www.queen.co.kr/news/articleView.html?idxno=394770,http://www.queen.co.kr/news/articleView.html?idxno=394770,"한정판매 흑우 토마호크 편 ▶&lt;흑쇠&gt; : 부산 서면 소고기 맛집 '흑쇠'를 찾아 가성비 좋은 흑우 맛을 소개한다. 대표메뉴 : 흑우 토마호크 13,,900원 흑우 갈비살 7,900원 한우 차돌박이 8,900원 영업시간 : 매일 15:00-02:00... ","Tue, 12 Sep 2023 17:06:00 +0900"
"줄 서서 먹는 부산 맛집 '숙달돼지' 서면점, 습식숙성 한돈으로 화제!",http://www.newsfreezone.co.kr/news/articleView.html?idxno=118601,http://www.newsfreezone.co.kr/news/articleView.html?idxno=118601,"부산 서면점 숙달돼지는 오픈한지 얼마 안됐지만 숙달돼지만의 노하우가 담긴 프리미엄 국내산 숙성 돼지고기 한돈을 선보여 인기를 모았으며, 현재 줄 서서 먹는 부산 맛집, 서면 맛집 등으로 입소문 나고 있다. 부산... ","Thu, 04 Jul 2019 18:12:00 +0900"
"부산 가면 꼭 들려야 하는 맛집 '진이네야채곱창 서면본점', 가격과 양 ...",http://www.kbanker.co.kr/news/articleView.html?idxno=86204,http://www.kbanker.co.kr/news/articleView.html?idxno=86204,부산의 최대 번화가 중 하나인 부산 서면에는 맛집이 많아 선택의 폭이 넓으며 가까운 거리에 위치한 전포에는 최근 핫한 카페나 디저트 가게가 많아 함께 묶어서 들르기에도 좋다. 그 중 '진이네야채곱창 서면본점'은 착한... ,"Mon, 30 Sep 2019 15:52:00 +0900"
'생방송투데이-리얼맛집' 부산 서면 딱새우찜·딱새우회 쫄깃탱글 식감...,http://www.topstarnews.net/news/articleView.html?idxno=664066,http://www.topstarnews.net/news/articleView.html?idxno=664066,(생방송투데이 오늘방송맛집) 부산 서면 일대에 위치한 해당 맛집은 딱새우요리가 맛있는 인기 술집이다. 전국 각지에 수 개의 체인점을 뒀을 정도로 확실한 믿음을 주는 메뉴를 보유하고 있다. 딱새우찜과 딱새우회는... ,"Wed, 28 Aug 2019 18:27:00 +0900"
"부산 서면 맛집 라짜이마라훠궈, 벚꽃 여행객 위해 세트메뉴 출시",http://www.greened.kr/news/articleView.html?idxno=100132,http://www.greened.kr/news/articleView.html?idxno=100132,"서울 중심 역세권 유동인구와 비슷한 규모를 자랑하는 만큼 맛집, 시장, 백화점, 유흥업소 등이 밀집한 상업중심지역으로 인기가 높다. 흔히 부산 부전동과 전포동 일대를 서면 시내라고 칭한다. 이 지역에는 현지인은 물론... ","Mon, 01 Apr 2019 18:28:00 +0900"
"'2TV 생생정보' 돼지국밥, 부산 부전동(서면시장) 송정3대국밥…기다려...",http://www.busan.com/view/busan/view.php?code=2019070116485212820,https://n.news.naver.com/mnews/article/082/0000919649,부산광역시 부산진구 서면로68번길(부전동)에 위치한 '송정3대국밥'이 이날 '부산 돼지국밥' 서면시장 맛집으로 알려진 곳이다. 가게 안보다 바깥에 서서 기다리는 사람들이 더 많아 보일 정도로 높은 인기를 자랑하는 이... ,"Mon, 01 Jul 2019 19:13:00 +0900"
"""쿠팡이츠 덕분에 부산 최고 맛집이 됐습니다""",https://www.econovill.com/news/articleView.html?idxno=589698,https://www.econovill.com/news/articleView.html?idxno=589698,쿠팡이츠로 부산 서면에서 맛집으로 거듭난 풍성돼지국밥 비법이 주목받고 있다. 풍성돼지국밥 한진영 사장의 성공 비결을 소개하는 영상이 쿠팡 뉴스룸에 공개됐다. 한 사장은 부산 서면에서 3년째 돼지국밥 가게를... ,"Fri, 16 Sep 2022 13:00:00 +0900"
"SNS핫이슈 앱 입소문이 추천하는 부산 서면 맛집 ""야스마루' 선정",http://www.seoulwire.com/news/articleView.html?idxno=151150,http://www.seoulwire.com/news/articleView.html?idxno=151150,대표 맛집이다. 장대표는 2014년 부산 전포동(서면카페거리) 모퉁이에 인적이 드문 외골목에서부터 인테리어를 하나 하나 직접 만들어 가게 구석구석 장대표의 애정이 고스란히 묻어나는 인테리어를 찾아보는 것 또한... ,"Wed, 12 Jun 2019 14:04:00 +0900"
'생방송투데이-리얼맛집' 부산 서면 꽃수레전골 요리주점 위치는?,http://www.topstarnews.net/news/articleView.html?idxno=727886,http://www.topstarnews.net/news/articleView.html?idxno=727886,"또는 맛집과 명소가 두루 소개됐다. 부산 서면역 인근 전포카페거리 쪽에 위치한 해당 맛집은 셀럽들이 자주 '출몰'한다는 분위기 좋은 요리 주점이다. 서면 핫플레이스로 통하며 직원들도 친절해 만족도가 높고, 음식... ","Wed, 05 Feb 2020 18:57:00 +0900"
부산 서면맛집 '구워삶기' 매콤한 맛으로 관광객 입맛 사로잡아,http://www.ggilbo.com/news/articleView.html?idxno=522381,http://www.ggilbo.com/news/articleView.html?idxno=522381,"이중에서도 특히 서면맛집으로 알려진 '구워삶기'는 부산의 자랑거리인 해산물과 대중들이 좋아하는 돼지 불고기에 각종 야채와 당면, 수제비 등을 넣고 끓이는 국물 떡볶이식의 '매콤불고기 전골'을 단일메뉴로 앞세워... ","Mon, 02 Jul 2018 14:58:00 +0900"
부산 서면 맛집 ‘서면개금밀면’ 부산의 대표음식 밀면 합리적인 가격...,http://www.polinews.co.kr/news/article.html?no=357924,http://www.polinews.co.kr/news/article.html?no=357924,부산 밀면 맛집 서면개금밀면 관계자는 “자사는 몸에 좋은 여러 야채와 각종 한약재를 사골에 고아 정성껏 음식을 만들어 제공하고 있다”며 “최근에는 자사의 장점을 인정받아 입소문을 타며 많은 관광객이 가게를 찾고... ,"Thu, 07 Jun 2018 15:02:00 +0900"
"즐길거리·먹거리 가득한 부산, 해물탕 맛집 대왕해물탕서 한끼 식사 후...",http://www.gnmaeil.com/news/articleView.html?idxno=372890,http://www.gnmaeil.com/news/articleView.html?idxno=372890,있는 곳으로 젊은 20·30세대가 방문하기 좋은 곳으로 알려져 있다. 서면맛집이나 카페 등 부산관광에 대한 관광 정보는 부산시에서 제공하는 내용과 여행을 다녀온 이들의 후기 등을 살펴보면 더 자세한 정보를 확인할 수 있다.,"Mon, 28 May 2018 15:12:00 +0900"
"쿠팡이츠, 창업 3년 만에 부산 돼지국밥 맛집 비결은",http://www.smedaily.co.kr/news/articleView.html?idxno=238808,http://www.smedaily.co.kr/news/articleView.html?idxno=238808,"사진/쿠팡이츠 쿠팡이츠는 부산 서면에서 맛집으로 거듭난 풍성돼지국밥의 성공 비결을 소개하는 영상을 공개했다고 16일 밝혔다. 해당 영상은 쿠팡 뉴스룸에 게재됐고, 풍성돼지국밥 한진영 사장의 맛과 성공 비결 등이... ","Fri, 16 Sep 2022 08:42:00 +0900"
"전국 맛집 용산에 다 모였다…아이파크몰, 릴레이 팝업스토어",http://news.mt.co.kr/mtview.php?no=2023090715470163087,https://n.news.naver.com/mnews/article/008/0004935447?sid=101,"부산 서면 디저트 맛집인 '꼬숑드이지'의 팝업스토어는 오는 15일부터 다음달 1일까지 더 센터 4층 '더 디저트' 팝업 전용 공간에서 만나 볼 수 있다. 최용화 HDC아이파크몰 영업본부장은 ""지역에서 유명한 디저트 맛집부터... ","Thu, 07 Sep 2023 16:11:00 +0900"
[2TV 생생정보 맛집] '대구뽈탕' 가격파괴 맛집,http://www.queen.co.kr/news/articleView.html?idxno=392205,http://www.queen.co.kr/news/articleView.html?idxno=392205,- 푸짐한 (?)원 대구뽈탕백반 ◈ 부전시장왕뽈떼기 본점 : 부산 서면 맛집 '부전시장왕뽈떼기 본점'을 찾아 단돈 5천원의 대구뽈탕 백반 맛을 소개한다. 대표 메뉴 : 대구뽈탕 백반 (?)원 (라스트오더 오후 2시 30분)... ,"Fri, 11 Aug 2023 17:02:00 +0900"
"부산 서면 맛집 ‘서면 정참치’, 22년 경력의 쉐프가 운영하는 고급참...",http://www.polinews.co.kr/news/article.html?no=359155,http://www.polinews.co.kr/news/article.html?no=359155,"부산 서면 일대는 다양한 먹을거리를 즐길 수 있는 맛집들이 상당수 위치해 있고, 그중에서도 해양도시 부산의 명성에 맞게 각양각색의 해산물 요리를 판매하는 식당들이 높은 비중을 차지하고 있다. 판매하는 메뉴도... ","Wed, 20 Jun 2018 17:22:00 +0900"
부산 출신 에디터가 추천하는 부산 맛집,https://www.gqkorea.co.kr/2022/10/10/bts-%eb%b6%80%ec%82%b0-%ec%bd%98%ec%84%9c%ed%8a%b8-%eb%b6%80%ec%82%b0-%ea%b5%ad%ec%a0%9c-%ec%98%81%ed%99%94%ec%a0%9c-%eb%b6%80%ec%82%b0-%eb%a7%9b%ec%a7%91/?utm_source=naver&utm_medium=partnership,https://www.gqkorea.co.kr/2022/10/10/bts-%eb%b6%80%ec%82%b0-%ec%bd%98%ec%84%9c%ed%8a%b8-%eb%b6%80%ec%82%b0-%ea%b5%ad%ec%a0%9c-%ec%98%81%ed%99%94%ec%a0%9c-%eb%b6%80%ec%82%b0-%eb%a7%9b%ec%a7%91/?utm_source=naver&utm_medium=partnership,#부산맛집. 서면 포항돼지국밥 서면 돼지국밥 골목의 1티어 국밥집. 로컬의 주문 팁 고기와 순대가 모두 들어가 있는 순대국밥을 추천한다. 순대는 ‘막장’이 아닌 간장에 찍어 먹는 것이 이 집만의 묘미와 재미. 주소... ,"Mon, 10 Oct 2022 16:32:00 +0900"
"부산 서면 맛집 '어쭈', 신선한 조개찜과 조개구이 제공",http://www.ggilbo.com/news/articleView.html?idxno=520369,http://www.ggilbo.com/news/articleView.html?idxno=520369,"부산 서면 맛집으로 꼽히는 '어쭈'는 조개찜과 쭈꾸미 전문점으로 현재 조개찜과 갈미조개 샤브샤브, 쭈꾸미는 물론 2층에 위치한 어쭈구이에서 고기와 조개구이까지 여러 가지 메뉴를 선보이고 있다. 특히 조개찜은... ","Mon, 25 Jun 2018 15:08:00 +0900"
"부산 서면 맛집 사거리식당, 뜨끈한 겨울 신메뉴 ""곱도리탕"" 출시",http://www.lawissue.co.kr/view.php?ud=2018121717103015966cf2d78c68_12,http://www.lawissue.co.kr/view.php?ud=2018121717103015966cf2d78c68_12,"올겨울 크리스마스 시즌 축제 중 부산에서도 다양한 축제들이 열리고 있으며 부산남포동 광복동 일대에는... 남포동 광복동을 방문했을 때 꼭 들려야할 맛집 ‘사거리식당’은 이미 덕천맛집, 서면맛집으로 유명세를 타며... ","Mon, 17 Dec 2018 17:12:00 +0900"
'생방송 오늘저녁' 부산 서면역 누룽지화산통닭 맛집 위치는? 커리-파채...,http://www.topstarnews.net/news/articleView.html?idxno=650607,http://www.topstarnews.net/news/articleView.html?idxno=650607,"(생방송 오늘 저녁 오늘 맛집) 부산 서면역 인근에 위치한 해당 맛집은 최근 떠오는 핫플레이스로, 치킨집 저리 가라 할 정도로 2호점까지 내며 뜨거운 인기다. 국내산 생닭을 참나무 장작불로 2시간 동안 정성스럽게... ","Thu, 25 Jul 2019 18:23:00 +0900"
'2TV 저녁 생생정보' 맛집 총정리! '초저가의 비밀' 파주시 5000원 돼지갈...,http://www.g-enews.com/ko-kr/news/article/news_all/20171110163457872700c551d053_1/article.html,http://www.g-enews.com/ko-kr/news/article/news_all/20171110163457872700c551d053_1/article.html,■ KBS 2TV 저녁 생생정보 ‘초저가의 비밀’ 부산시 진구 부전동/서면 맛집! ‘2500원 잔치국수’ ‘초저가의 비밀’에서 찾아간 부산시 진구 ‘2500원 잔치국수’ 맛집은 부산 부산진구 새싹로14번길(부전동/서면... ,"Fri, 10 Nov 2017 18:31:00 +0900"
[2TV 저녁 생생정보 맛집 총정리 위치&amp;가격] '문전성시의 비밀' 부산시 ...,http://www.g-enews.com/ko-kr/news/article/news_all/20171027175513975000c551d053_1/article.html,http://www.g-enews.com/ko-kr/news/article/news_all/20171027175513975000c551d053_1/article.html,■ KBS 2TV 저녁 생생정보 ‘문전성시의 비밀’ 부산시 서면/전포동 맛집! ‘소용돌이 김초밥(초밥)’ 특별한 맛으로 손님의 발길을 사로잡은 맛집을 찾아가는 ‘생생정보 - 문전성시의 비밀’에서는 부산광역시... ,"Fri, 27 Oct 2017 18:30:00 +0900"
"쿠팡이츠, 부산 서면 인기 돼지국밥집 성공 비결 영상 공개",https://www.socialvalue.kr/news/view/1065574491771393,https://www.socialvalue.kr/news/view/1065574491771393,▲쿠팡은 풍성돼지국밥 한진영 사장의 성공 비결을 소개하는 영상이 쿠팡 뉴스룸에 공개했다./사진=쿠팡 제공  쿠팡이츠로 부산 서면에서 맛집으로 거듭난 풍성돼지국밥의 비법이 주목받고 있다. 쿠팡은 풍성돼지국밥... ,"Fri, 16 Sep 2022 09:58:00 +0900"
부산 서면 맛집 거리에 ‘해운대불고기 2호점’ 상륙,http://www.foodtvnews.com/view.php?ud=2017101311270494814faa62d0a6_11,http://www.foodtvnews.com/view.php?ud=2017101311270494814faa62d0a6_11,"부산하면 해산물이라는 공식이 존재 할 정도로 각종 해산물 요리 맛집도 즐비하지만 서면에는 독특한 부산만의 맛집이 있다고 한다. 바로 부산 3대 불고기. 전국 아무 곳에서나 흔히 접할 수 있는 불고기가 아닌, 부산만의... ","Fri, 13 Oct 2017 11:33:00 +0900"
부산 서면 스테이크 맛집 '3found'에서 분자요리로 즐기는 특별한 여름휴...,https://www.nbntv.kr/news/articleView.html?idxno=71252,https://www.nbntv.kr/news/articleView.html?idxno=71252,"부산 서면 맛집 '3found' 관계자는 ""지금도 틈틈이 메뉴 연구를 계속 하고 있다. 우리만의 시그니처 메뉴는 있지만 변화하는 고객의 니즈를 만족시키고 새로움을 드리기 위해서는 시행착오와 수고를 겼더라도 연구를 멈출... ","Fri, 27 Jul 2018 15:21:00 +0900"
부산 스시 맛집 3대 천왕 서면 장승진스시 부산 여행시 꼭 가볼 만한 곳,http://www.seoulwire.com/news/articleView.html?idxno=10248,http://www.seoulwire.com/news/articleView.html?idxno=10248,많은 맛집들 중 핫플레이로 자리잡은 장승진 스시를 소개한다. 부산 서면에 위치한 장승진 스시는 가격은 합리적으로 제공하되 초밥의 질이 높아 손님들의 입맛을 사로 잡는다. 회전초밥이지만 초밥 위의 재료의 종류나... ,"Wed, 28 Feb 2018 10:45:00 +0900"
부산 서면 맛집 뉴욕상회 서면 한우를 대표하는 고기집으로 인정받아,http://www.wowtv.co.kr/newscenter/news/view.asp?bcode=T30001000&artid=A201707130130,https://n.news.naver.com/mnews/article/215/0000561912?sid=103,"부산 서면 맛집 뉴욕상회 관계자는 ""대한민국 최고의 한우를 합리적인 가격으로 즐길 수 있다고 자부한다. 이미 많은 이들에게 입 소문이나 줄 서서 먹는 것은 기본이며, 많은 단체 모임 및 가족 외식 공간으로도 추천된다... ","Thu, 13 Jul 2017 11:05:00 +0900"
"부산 서면 맛집 ‘아수라’, 대표메뉴 고기말이 인기",http://www.dtnews24.com/news/article.html?no=444445,http://www.dtnews24.com/news/article.html?no=444445,"부산 서면 맛집 ‘아수라’는 SBS 생방송 투데이 ‘이색요리열전’에 출연한 바 있으며, 예약 및 문의는 대표번호를 통해 안내받을 수 있다. 한편, 여행 중 맛집을 방문하고자 한다면 여러 사람들의 평가와 리뷰, 시설 등... ","Sat, 23 Dec 2017 14:24:00 +0900"
부산 서면 맛집 돼지국밥 3대천왕 부산 여행코스로 꼭 가 볼만한 곳 '오...,http://www.wowtv.co.kr/newscenter/news/view.asp?bcode=T30001000&artid=A201706280177,https://n.news.naver.com/mnews/article/215/0000558646?sid=103,"부산 서면 맛집 오륙도수제순대의 해물순대는 전복, 대게, 소라, 쭈꾸미 등 30여 가지가 넘는 고급 해산물이 가득 들어가 그 풍성한 맛이 일품이다. 또한, 오륙도수제순대 만의 진한 육수는 첨가물 등을 일체 넣지 않고... ","Wed, 28 Jun 2017 11:39:00 +0900"
"쿠팡이츠, 부산 돼지국밥 맛집 비결 공개",http://www.thefirstmedia.net/news/articleView.html?idxno=101816,http://www.thefirstmedia.net/news/articleView.html?idxno=101816,쿠팡이츠는 부산 서면에서 맛집으로 거듭난 풍성돼지국밥 한진영 사장의 성공 비결을 소개하는 영상을 뉴스룸에 공개했다고 16일 밝혔다. 쿠팡이츠는 50년~60년 된 노포가 즐비한 서면에 돼지국밥 식당을 개업한 한진영... ,"Fri, 16 Sep 2022 17:58:00 +0900"
부산 서면 이색 맛집 3대천왕 베스트 ‘야타이미세’ 세계적 관광 명소...,http://www.polinews.co.kr/news/article.html?no=314196,http://www.polinews.co.kr/news/article.html?no=314196,"부산 서면은 부산 여행지의 가장 핫플레이스 중심가이다. 서면 NC백화점을 시작으로 롯데백화점, 서면시장, 지하상가까지 쇼핑을 즐기기에도 편하며 쇼핑 후 찾아오는 허기짐을 달랠 수 있는 수많은 맛집도 밀집되어 있다.... ","Thu, 18 May 2017 13:39:00 +0900"
"침샘 자극하는 매운 갈비찜이 있는 부산 맛집 서면 '신촌양푼이', 근처...",http://www.seoulwire.com/news/articleView.html?idxno=67305,http://www.seoulwire.com/news/articleView.html?idxno=67305,"물론, 서면 맛집, 양정, 시민공원, 송상현광장, 전포동, 부전동 등 부산의 핫플레이스가 가득해 밥집에서 식사 후 나들이하기에도 좋다""고 전했다. 한편, 부산 맛집 '신촌양푼이'는 소자본창업 문의도 받고 있다. 단체 예약... ","Thu, 14 Feb 2019 15:50:00 +0900"
"여름 대표 휴가지 부산 여행, 해운대 광안리 거쳐 ‘고기를 요리하는 남...",http://www.newsculture.press/view.htm?idxno=2017081604220098917,http://www.newsculture.press/view.htm?idxno=2017081604220098917,"KBS2 ‘VJ특공대’, ‘생생정보통’과 케이블 프로그램 ‘테이스티로드’에 소개됐으며, 각종 SNS 등을 통해 부산 서면 맛집으로 알려진 곳이다. 고요남은 ‘고기를 요리하는 남자’를 줄인 말이라고. 최근에는 신메뉴... ","Mon, 14 Aug 2017 12:28:00 +0900"
부산 서면 전포동 맛집 베스트로 떠오르는 심야식당 분위기의 전통 일본...,http://sports.chosun.com/news/ntype.htm?id=201703250100233880016411&servicedate=20170324,https://n.news.naver.com/mnews/article/076/0003067873?sid=102,"단조로운 메뉴지만 손님상에 올라가기까지 가정식처럼 하나하나 많은 정성을 들이고 있다는 야타이미세의 최무길 대표는 ""앞으로도 더욱 노력하여 부산 서면 전포동 맛집의 자리를 지키겠다. ""고 전했다. 최 대표의 정성이... ","Fri, 24 Mar 2017 11:27:00 +0900"
"서면 소고기 맛집 갈비곳간, 고객감사 사은행사 개최",http://www.busan.com/view/busan/view.php?code=2022061314540839447,https://n.news.naver.com/mnews/article/082/0001159938?sid=101,부산 서면 소고기 맛집 갈비곳간이 고객감사 사은행사를 개최한다. 갈비곳간은 미국 육류 수출 협회와 함께 오는 13일부터 26일까지 매장을 방문하는 고객을 대상으로 미국산 소고기 식사/포장 메뉴를 5만원 이상 구매하는... ,"Mon, 13 Jun 2022 14:55:00 +0900"
"부산 서면 가마솥 한우 육개장 맛집, 2TV 저녁 생생정보 등장 ""태화육개...",https://www.imaeil.com/page/view/2019021417395752733,https://n.news.naver.com/mnews/article/088/0000577393?sid=004,부산 서면 가마솥 한우 육개장 맛집 '태화육개장'이 14일 KBS2 2TV 저녁 생생정보 전설의 맛 코너에 등장한다. 57년 이력이 눈길을 끄는 곳이다. 태화육개장 주소는 부산 부산진구 서면문화로 18. 부산 서면에 위치해... ,"Thu, 14 Feb 2019 17:42:00 +0900"
부산 서면 맛집 사거리식당 리뉴얼 오픈으로 인기 행진,http://www.munhwanews.com/news/articleView.html?idxno=67972,http://www.munhwanews.com/news/articleView.html?idxno=67972,"[문화뉴스 MHN 이우람 기자] 덕천동 젊음의 거리에서 닭도리탕, 매운갈비찜등의 메뉴로 덕천 맛집으로 소문난 사거리식당이 부산서면에 리뉴얼 오픈해 서면 맛집으로 주목받고 있다. 사거리식당은 유동인구가 많은... ","Fri, 21 Jul 2017 11:04:00 +0900"
부산불고기 특유의 맛을 알리는 부산 서면 맛집 해운대불고기 2호점,http://www.polinews.co.kr/news/article.html?no=334727,http://www.polinews.co.kr/news/article.html?no=334727,서면 맛집 중에서도 가격이 합리적이고 시설이 쾌적하여 많은 손님들이 찾는 부산서면 맛집이다. 1등급 한우사용인데도 가격이 저렴하다고 하며 박리다매로 많은 손님들을 위해 저렴하게 제공하고 있다. 해운대불고기는... ,"Fri, 03 Nov 2017 18:06:00 +0900"
"부산서면맛집의 독특한 별미, 닭한마리국수의 뛰어난 맛과 양",http://www.dtnews24.com/news/article.html?no=419682,http://www.dtnews24.com/news/article.html?no=419682,"덕분에 업체는 부산서면맛집으로서 단골 고객을 빠르게 흡수하고 있다. 닭한마리국수의 가장 큰 매력은 닭과 국수 맛을 모두 즐길 수 있다는 점이다. 국내산 하림 닭의 쫄깃하고도 부드러운 식감, 탱탱한 면발 특유의 맛... ","Tue, 11 Apr 2017 19:09:00 +0900"
"쿠팡이츠, 부산에서 잘 나가는 풍성돼지국밥 '맛집의 비결' 공개",http://www.pressm.kr/news/articleView.html?idxno=63060,http://www.pressm.kr/news/articleView.html?idxno=63060,사진=쿠팡 쿠팡은 쿠팡이츠가 부산 서면에서 맛집으로 주목받고 있는 풍성돼지국밥의 비법이 주목받고 있다고 16일 밝혔다. 쿠팡은 한진영 풍성돼지국밥의 사장의 성공 비결을 소개하는 영상을 뉴스룸을 통해 공개했다.... ,"Fri, 16 Sep 2022 17:42:00 +0900"
"'백종원의 3대천왕' 시장특집, 부산 서면시장 냉칼국수 맛집 기장손칼국...",http://www.sportsq.co.kr/news/articleView.html?idxno=185171,http://www.sportsq.co.kr/news/articleView.html?idxno=185171,SBS '백종원의 3대천왕' 부산 서면시장 냉칼국수 맛집 '기장손칼국수'와 부산 부평시장 김치전골 맛집 '고향김치전골' [사진 = SBS '백종원의 3대천왕' 방송화면 캡처] [스포츠Q(큐) 원호성 기자] '백종원의 3대천왕... ,"Sat, 23 Jul 2016 18:33:00 +0900"
얼큰하고 푸짐한 짬뽕으로 여심 사로잡는 부산 서면 맛집 '쫑구항아리짬...,http://www.wowtv.co.kr/newscenter/news/view.asp?bcode=T30001000&artid=A201705040278,https://n.news.naver.com/mnews/article/215/0000547154?sid=103,그 중 가성비 좋게 세트메뉴를 즐길 수 있는 부산 서면 맛집이 SNS를 뜨겁게 달구고 있다. 부산 가볼만한 곳으로도 꼽히는 쫑구항아리짬뽕이 그 주인공이다. 이 전포동 카페거리 맛집은 커다란 항아리 그릇에 푸짐하게... ,"Thu, 04 May 2017 16:56:00 +0900"
"부산 서면 맛집 '치킨스톰', 순살유린기와 철판치즈불닭으로 독보적인 ...",https://www.nbntv.kr/news/articleView.html?idxno=75404,https://www.nbntv.kr/news/articleView.html?idxno=75404,"명실상부 부산 서면 치킨 맛집이다. 하나를 먹더라도 들어간 재료와 조리과정 등을 확인하며 건강한 식생활을 지향하는 요즘 트렌드에 맞추어, 15가지 건강 한약재가 들어간 염지제를 사용해 염지하고 가맹본부 직영... ","Wed, 19 Sep 2018 15:53:00 +0900"
"부산 서면 맛집 엉터리생고기 무한리필 전문, 연말 회식 모임 발길 이어...",http://www.polinews.co.kr/news/article.html?no=375717,http://www.polinews.co.kr/news/article.html?no=375717,"그 가운데 ‘엉터리생고기 서면점’은 삼겹살 등 여러 종류의 고기가 무한리필이 가능해 모임 장소를 찾는 여행객 사이에서 부산 서면 맛집으로 알려져 눈길을 끌고 있다. 서면 고깃집 엉터리생고기에서는 삼겹살, 우삼겹... ","Fri, 21 Dec 2018 15:34:00 +0900"
부산 서면에 돼지국밥으로 먹거리X파일 착한식당으로 선정된 맛집 있어,http://www.newsculture.press/view.htm?idxno=2017080906450098153,http://www.newsculture.press/view.htm?idxno=2017080906450098153,"부산 서면 돼지국밥 맛집의 비결이 숨어 있다고. 매장 앞 가마솥 두개 중 하나는 섭씨 600도, 다른 하나는 800도까지 온도가 올라가는데 낮은 온도에서 뽑아낸 국물을 높은 온도에서 한번 더 뽑아낸다. 국밥에 들어가는... ","Wed, 09 Aug 2017 14:52:00 +0900"
부산 서면 맛집. 수제 치킨 전문점 깐풍집 대박 행진 중,http://www.nextdaily.co.kr/news/article.html?id=20151218800139,http://www.nextdaily.co.kr/news/article.html?id=20151218800139,부산대맛집으로 소문난 수제 치킨 전문점 깐풍집이 서면에 2호점을 오픈해 부산 서면 맛집으로 대박행진을 하고 있다. 프렌차이즈가 아닌 요리 연구가가 연구에 연구를 거듭해 직접 운영하는 수제 치킨. 체인점이... ,"Fri, 18 Dec 2015 22:23:00 +0900"
&lt;Delicious 부산 서면 맛집&gt; 수호족발감자탕 : 유황먹인 돼지족발의 쫀득...,http://www.cooknchefnews.com/news/newsview.php?ncode=1065614805418188,http://www.cooknchefnews.com/news/newsview.php?ncode=1065614805418188,"writer _임봉욱 기자 Delicious / 부산 부전동 맛집 유황먹인 돼지족발의 쫀득함을 맛보세요 부산 서면 '수호족발감자탕' “족발맛이 다 거기서 거기라고요? 천만의 말씀, 우리 수호족발 맛은 다르다고요” 부산 서면... ","Wed, 08 Aug 2018 11:44:00 +0900"
"빨간간판의 튀김 맥주집 `치치`, 부산 서면 대표 맛집으로 인기몰이",http://www.dt.co.kr/contents.html?article_no=2015092302109923809033,https://n.news.naver.com/mnews/article/029/0002306083?sid=101,치치에 대한 인기가 높아지면서 소자본 창업을 생각하는 예비 여성창업예정자 및 부부창업예정자의 문의가 많아지면서 부산 서면 맛집 치치 매장 내에서 창업관련 상담도 이뤄지고 있다. 부산 서면을 대표하는 맛집으로... ,"Wed, 23 Sep 2015 15:36:00 +0900"
여행코스로 추천하는 부산맛집 서면 '곱창선생' 여행객 입맛을 사로잡아,http://www.asiatime.co.kr/news/articleView.html?idxno=253429,http://www.asiatime.co.kr/news/articleView.html?idxno=253429,"우리나라의 대표적인 국내 여행지로는 제주, 부산, 여수, 속초 등이 꼽히는데 그중에서도 부산은 볼거리... 여행을 즐기면서 방문하기 좋은 서면 맛집 '곱창선생'은 여행객들의 입맛을 사로잡으며 인기를 얻고 있다.... ","Mon, 24 Jun 2019 17:02:00 +0900"
"부산 서면 스시 맛집 홍대앞스시, '사시미, 초밥, 물회' 등 다양한 메뉴...",http://www.gpkorea.com/news/articleView.html?idxno=46604,http://www.gpkorea.com/news/articleView.html?idxno=46604,"이 가운데 최근 맛은 물론 분위기를 갖춘 회식장소로 서면 스시 맛집 '홍대앞스시'가 부산의 인기있는 서면 회식 장소로 주목을 받고 있다. 서면 술집 홍대앞스시는 초밥, 사시미, 물회 등을 판매하는 일식집으로 서울... ","Fri, 21 Dec 2018 10:28:00 +0900"
"먹거리 풍부한 부산, 휴양지∙여름 휴가 장소로 인기… 서면 맛집 '어쭈...",http://www.datanet.co.kr/news/articleView.html?idxno=87135,http://www.datanet.co.kr/news/articleView.html?idxno=87135,부산 서면 맛집으로 유명한 '어쭈'는 생물 조개찜과 매운 쭈꾸미 전문점으로 매일 직배송 받는 신선한 생물 조개로 재료의 싱싱함을 최우선으로 한다. 혹시라도 다 판매하지 못하여 남게 되거나 죽은 조개는 하루를 넘기지... ,"Thu, 16 Jul 2015 15:46:00 +0900"
"부산 서면 맛집 '미소공장', 부산 먹방스타 첫 번째 서면 맛집",http://www.datanet.co.kr/news/articleView.html?idxno=86361,http://www.datanet.co.kr/news/articleView.html?idxno=86361,하지만 관광객이 있거나 없거나 장사가 잘되는 부산 서면맛집이 있어 화제가 되고 있다. 바로 서면 미소공장! 이미 부산사람들에게는 정평이 나있는 맛집이라고 한다. 더군다나 미소공장은 부산 먹방스타 라는 SNS맛집... ,"Fri, 03 Jul 2015 17:57:00 +0900"
"부산 서면 맛집 '어쭈', 싱싱한 해산물로 피서객 방문 이어져",http://www.ibabynews.com/news/newsview.aspx?newscode=201506301521579730008468&categorycode=0006,http://www.ibabynews.com/news/newsview.aspx?newscode=201506301521579730008468&categorycode=0006,부산의 싱싱한 해산물을 먹을 수 있는 장소인 해산물 전문점 ‘어쭈’가 부산 서면 맛집으로 알려지며 여름휴가 방문객들이 줄을 잇고 있다. 부산의 싱싱한 해산물을 먹을 수 있는 장소인 해산물 전문점 '어쭈'가 부산... ,"Tue, 30 Jun 2015 15:28:00 +0900"
"부산 서면 맛집 '어쭈', 신선한 해산물 식재료로 만든 여름 보양식 '호평...",http://www.datanet.co.kr/news/articleView.html?idxno=84305,http://www.datanet.co.kr/news/articleView.html?idxno=84305,해산물 전문점 어쭈는 싱싱한 조개와 각종 해산물 요리를 선보이며 부산서면 맛집으로 주목을 받고 있다. 이곳은 매일 직배송 받는 신선한 생물 조개를 사용한 조개찜과 쭈꾸미가 주 메뉴다. 부산 서면 맛집 어쭈는 오직... ,"Fri, 29 May 2015 14:23:00 +0900"
"부산 서면맛집. ""더스시"" 스시와 치킨셀러드를 동시에 맛볼 수 있어 인...",http://www.itdaily.kr/news/articleView.html?idxno=63875,http://www.itdaily.kr/news/articleView.html?idxno=63875,"하지만 부산 서면맛집 ""더스시"" 에서는 이런 고민은 덜어도 된다. 난 스시만 가지고는 부족하다, 난 치킨샐러드만가지고는 허전하다. 나는 초밥을 먹고 싶다. 나는 치킨을 먹고 싶다, 각기 취향은 달라도 원하는 것을 모두... ","Sat, 23 May 2015 09:26:00 +0900"
"부산 서면 맛집 어쭈, 양질의 재료와 푸짐한 양으로 '부산 핫 플레이스...",http://www.itdaily.kr/news/articleView.html?idxno=63215,http://www.itdaily.kr/news/articleView.html?idxno=63215,"뿐만 아니라 부산 서면 맛집 어쭈는 가족들을 비롯한 각종 모임 장소와 회사 회식 장소로도 각광을 받고 있다. 어쭈 관계자는 ""어쭈는 지난해 맛집 소개 전문 프로그램 부산경남KNN '생방송투데이'에 방영되었을 만큼 높은... ","Mon, 11 May 2015 10:42:00 +0900"
"[맛집탐방] 부산 서면 맛집, 치킨혁명의 선두주자 깐풍집",http://www.newstown.co.kr/news/articleView.html?idxno=233746,http://www.newstown.co.kr/news/articleView.html?idxno=233746,"지금 부산 서면 맛집으로 sns에서 가장 핫한 깐풍집. 본점인 부산대점이 부산대맛집으로 소문이 나면서 2호점 서면점 역시 깐맥(깐풍치킨과 맥주)을 찾는 사람들로 붐비고 있다. 수많은 서면의 치킨집, 술집, 밥집등... ","Sun, 20 Dec 2015 11:26:00 +0900"
"서면맛집 응답하라1988, 부산맛집으로 통하는 유명한 '삐삐식당'",http://www.siminilbo.co.kr/news/articleView.html?idxno=424312,http://www.siminilbo.co.kr/news/articleView.html?idxno=424312,"응답하라1988의 방송이 시작되면서 부산 서면 맛집으로 유명한 삐삐식당에 대한 관심이 연일 뜨겁다. 동래에서 시작된 1988 배경 속 삐삐식당은 몇 년 전부터 응답하라 1988 삐삐식당으로 익히 유명했고, 드라마 시작과... ","Fri, 20 Nov 2015 15:11:00 +0900"
'백종원의 3대천왕' 부산 서면시장 냉칼국수·광주 대인시장 순대국밥·...,http://www.newspim.com/news/view/20160729000002,http://www.newspim.com/news/view/20160729000002,"먼저 부산 서면시장 냉칼국수 맛집을 찾은 백종원은 여름에만 한정으로 판매한다는 냉칼국수를 시켰다. 살얼음과 오이, 부추가 얹어져 있는 냉칼국수 비주얼에 놀란 백종원은 국물을 맛 본 뒤 “순수한 감칠맛이 난다.... ","Sat, 30 Jul 2016 00:43:00 +0900"
"부산 서면에서 즐기는 스테이크와 칵테일, 맛집 찾는 여행객 증가",http://news1.kr/articles/?2632197,https://n.news.naver.com/mnews/article/421/0001997273?sid=103,특히 부산 서면 거리는 맛집을 찾아 다니는 젊은 남녀들을 자주 볼 수 있을 정도로 많은 음식점이 밀집해있는 곳이다. 부산 지하철 2호선 서면역에서 도보로 5분 거리에 위치한 맛집 ‘3found’는 전문 쉐프가 직접... ,"Tue, 12 Apr 2016 15:23:00 +0900"
"치킨 프랜차이즈 창업 '꼴닭', 차별화된 메뉴 통해 부산 서면 맛집으로...",http://www.itdaily.kr/news/articleView.html?idxno=64707,http://www.itdaily.kr/news/articleView.html?idxno=64707,"부산 서면에 본점을 두고 있는 꼴닭은 기존 치킨집과는 다른 차별화된 메뉴와 경쟁력 있는 마케팅, 감각적인 콘셉트로 남녀노소를 불문하고 폭넓은 사랑을 받아 이미 부산 서면 맛집으로 꼽히고 있다. 부산 서면 맛집... ","Fri, 12 Jun 2015 11:44:00 +0900"
"부산 연말모임 서면 맛집 어쭈, 회식장소로 인기",http://www.ggilbo.com/news/articleView.html?idxno=565048,http://www.ggilbo.com/news/articleView.html?idxno=565048,"그 중에서도 부산시 서면에 위치한 서면 맛집 어쭈는 오랜 시간 서면 연말모임장소와 회식장소 등으로 많은 고객들의 선택을 받은 곳이다. 어쭈는 신선한 재료를 사용한 다양한 구성, 차별화된 음식 퀄리티가 돋보이는... ","Mon, 19 Nov 2018 11:15:00 +0900"
"'2TV 생생정보' 오늘방송맛집, 57년 전통 가마솥 한우육개장…부산 서면...",http://www.busan.com/view/busan/view.php?code=2019021418374025522,https://n.news.naver.com/mnews/article/082/0000878909,가마솥 한우 육개장' 맛집이 소개됐다. 부산 부산진구 서면문화로(부전동)에 위치한 '태화육개장'이 이날 '57년 전통 가마솥 한우 육개장' 맛집으로 알려진 곳이다. 가마솥에 한 가득 푹 끓여내는 뜨끈하고 얼큰한 옛날식... ,"Thu, 14 Feb 2019 18:57:00 +0900"
"부산서면맛집, 피서객들의 입맛까지 사로잡은 맛!",https://www.widedaily.com/news/articleView.html?idxno=28481,https://www.widedaily.com/news/articleView.html?idxno=28481,"그러나 알짜배기 음식점들은 어디서나 살아남기 마련, 부산서면맛집으로 유명한 황제잠수함이 대표적이다. 각종 해산물과 야채, 그리고 닭한마리와 랍스타 한마리가 통째로 들어가는 황제찜이 대표메뉴인 황제잠수함은... ","Thu, 30 Jul 2015 15:19:00 +0900"
부산 서면의 풍기파스타 맛집 ‘3found’,http://www.dtnews24.com/news/article.html?no=427017,http://www.dtnews24.com/news/article.html?no=427017,"‘3found’는 이국적이고 감각적인 인테리어와 특유의 고급스러운 분위기로 눈길을 사로잡는 이탈리아 다이닝룸으로, 정통 이탈리아 음식 그대로를 재현하는 부산 서면의 유명 맛집이다. 먼저 일반인 커플은 이곳의... ","Wed, 28 Jun 2017 17:21:00 +0900"
"부산 서면 맛집, 화끈한 치즈불닭과 까르보나라 치킨으로 입맛 사로잡는...",http://www.intn.co.kr/news/articleView.html?idxno=539684,http://www.intn.co.kr/news/articleView.html?idxno=539684,"경쟁력으로 부산 경성대점에 이어 서면 2호점을 오픈한'치킨공작소'가 최근 인기몰이다. 치킨공작소는 어린이부터 젊은이, 부모님 세대까지 좋아할만한 다양한 메뉴로 서면 맛집 중에서도 많은 사람들의... ","Fri, 11 Dec 2015 12:04:00 +0900"
부산 서면에 볼거리 먹을거리가 가득한 맛집 사거리식당을 접수하다,http://www.foodtvnews.com/view.php?ud=2017092217513929454faa62d0a6_11,http://www.foodtvnews.com/view.php?ud=2017092217513929454faa62d0a6_11,부산의 특별한 서면의 맛집 사거리식당은 보는 재미 또한 남달라 젊은이들에게 요즘 많은 인기를 끌고 있다. 김진수 기자 &lt;저작권자 ⓒ 푸드경제TV 무단전재 및 재배포금지&gt;,"Fri, 22 Sep 2017 17:59:00 +0900"
부산서면맛집 ‘경성국수’ 착한 가격과 맛으로 입소문,http://biz.heraldcorp.com/view.php?ud=20150318000332,https://n.news.naver.com/mnews/article/016/0000667756?sid=101,"무엇보다도 부산 서면맛집으로 유명세를 타고 있는 경성국수의 가장 큰 장점은 경성국수의 모든 메뉴를 3,000원~6,500원선으로 선보여, 고객이 부담 없이 한 끼 식사를 할 수 있도록 한 점이다. 내부 인테리어 콘셉트도... ","Wed, 18 Mar 2015 10:01:00 +0900"
"부산 서면맛집 꼴닭, 서면 최고의 치킨 선정 그 이유는?",http://www.itdaily.kr/news/articleView.html?idxno=65679,http://www.itdaily.kr/news/articleView.html?idxno=65679,부산 맛집 관련동영상이 보고 싶다면 부산먹방스타(https://www.facebook.com/busanlivefood)에서 서면 꼴닭은 물론 그 외의 부산 여러 가지 맛집에 관한 동영상을 시청할 수 있다.,"Fri, 03 Jul 2015 17:23:00 +0900"
"부산 서면맛집! 랍스타, 해물찜으로 유명한 ‘황제잠수함’ 부산가볼만...",http://www.edaily.co.kr/news/newspath.asp?newsid=02066406606287688,https://n.news.naver.com/mnews/article/018/0003121829?sid=103,그런곳이 서면맛집으로 존재해주어서 사람들 사이에서 입소문타고 화제가 되고 있다. 바로 황제찜과 해물찜으로 유명한 황제잠수함이다. 부산시 부산진구 부전2동 534-1에 위치한 이곳의 황제찜을 말할 것 같으면 전복... ,"Thu, 20 Nov 2014 10:53:00 +0900"
