제목,링크,요약,블로거 이름,게시일
<b>부산 서면 맛집</b> 홍스쭈꾸미 라면 서비스가 매력적인 철판 쭈꾸미,https://blog.naver.com/rlduael11/223997337584,포장했던 <b>부산 서면 맛집</b> 홍스쭈꾸미 오늘은 매장에서 먹어 보려고 방문했다 무려 한자리에서 15년 동안... 확실히 서면에서 오래 버틴 이유가 있던 맛집이었지 그냥 먹어도 살짝..? 매콤한 것 같기는 한데... ,베짱유리,20250906
<b>부산 서면</b>점심 <b>맛집</b>추천 쭈꾸미가 알고싶다 <b>서면</b>점,https://blog.naver.com/chaeun8/223995262251,"0507-1402-7942 #<b>부산서면</b>점심<b>맛집</b> #<b>부산서면</b>점심 #<b>서면</b>밥집 #<b>서면</b>쭈꾸미 #<b>서면</b>야식 #<b>서면</b>술집 위치는 지도를 보시면 쉽게 찾으실 수 있는데요, <b>서면</b> 롯데백화점과 롯데호텔 길건너 맞은편으로, <b>부산</b>진경찰서 바로... ",두턱언니 차은이가 리뷰해요,20250904
<b>부산서면</b>역점심 <b>서면</b>영광도서<b>맛집</b> 미락샤브샤브 다녀왔어요!,https://blog.naver.com/aza_kk/223998712369,<b>부산서면</b>역점심 <b>서면</b>영광도서<b>맛집</b> 미락샤브샤브 다녀왔어요! 안녕하세요 콩도령이에요. 요즘 <b>서면</b>에서 점심 뭐 먹을지 고민될 때가 많죠? 저도 매번 그런을 고민을 하는데요. 오늘은 <b>부산 서면</b>역 점심으로... ,콩도령의 인생에세이 since2014,20250907
장어와 파김치 환상의 조합 <b>부산서면맛집</b>,https://blog.naver.com/jhjhjh0227/223744183387,"<b>부산서면맛집</b> 일품집 장어와 파김치 환상의 조합! ©누모몽 지난 연휴에 남편과 함께 부산서면에서 핫한 #장어맛집 을 다녀왔어요. 건강은 챙기고 맛도 즐길 수 있는 곳이라 정말 좋았던 곳인데요, 바로 #일품집... ",대빵이는 해피한댕,20250201
<b>부산 서면 맛집</b> 이세계 닭구이 특수부위,https://blog.naver.com/vixx7/223972968842,하나인 <b>부산 서면 맛집</b> 이셰계 내돈내산 후기입니다 닭 특수부위 전문점으로 화로에 구워주는데 정말... 역시 <b>부산 서면 맛집</b> 이세계 핫하다!! 예약을 하고 방문했더니 미리 소스나 앞접시가 세팅되어 있었어요... ,*₊ 요이블로그 ₊*,20250904
<b>부산 서면 맛집</b> 샤브20 가족 외식 회식 디너 가격 주차,https://blog.naver.com/twiggy19/223926499676,여기 자주 갈 듯해요~ #서면맛집 #<b>부산서면맛집</b> #샤브20서면점 #서면샤브20 #서면가족외식 #서면회식장소 #샤브20서면점주차 #샤브20디너요금 #서면역맛집 #서면샤브샤브맛집 #서면샤브샤브무한리필... ,먹고 여행하고 탐방하는 역사엄마,20250708
서면쭈꾸미 홍스쭈꾸미 <b>부산서면맛집</b> 볶음밥,https://blog.naver.com/dung84/223994293916,서면쭈꾸미 홍스쭈꾸미 <b>부산서면맛집</b>입니다 볶음밥까지 짱맛있었던 곳 서면 쥬디스태화 신관쪽으로... 담엔 포장도 하러 갈께요~~ 영업시간 : 11:30~23:00 연락처 : 0507-1491-0140 주소 : 부산시 진구 중앙대로 702번길 50,덩이의 맛있는 여행,20250903
육즙 끝판왕 <b>부산서면맛집</b>,https://blog.naver.com/luxuryyhj/223698279811,그중 점심으로 즐긴 육즙 가득한 <b>부산서면맛집</b>은 진한 풍미와 담백함이 끝내주어서 여러분께도 공유해보려고 합니다. 1. 사미헌 주소 : 부산 부산진구 서면문화로 19 번호 : 051-819-6677 영업시간 : 11:00 - 21:30... ,세남자와 햄볶는 여자~♡,20241218
<b>부산 서면 맛집</b> 버거지 가성비 수제버거 점심 추천,https://blog.naver.com/mansaa/223958213614,reserved ⓒ민슬민슬 <b>부산 서면 맛집</b> 버거지 가성비 수제버거 점심 추천 ⓒ사진.글.민슬민슬 안녕하세요... 맛이라 부산 서면 점심 맛집 찾고 계신분께 소개하고 싶어요 이번에 저는 아이랑 함께 나온 김에... ,민슬민슬 소소한 공간,20250804
<b>부산 서면 맛집</b> 가성비 좋은 짜장나라 돌판공주,https://blog.naver.com/2vivi/223867723609,"덕분에 너무 배터지게 맛있게 먹고 왔던 <b>부산 서면 맛집</b> 짜장나라 돌판공주는 내돈내산으로 먹어도 전혀 아깝지 않을 음식점으로 진짜 부산 서면 가성비 맛집을 찾는다면 무조건 적극 추천입니다! 연인, 가족... ",나스나스한하루,20250516
